Player,Pos,Rank,Team
Jahmyr Gibbs,RB,1,DET
Bijan Robinson,RB,2,ATL
Ja'Marr Chase,WR,3,CIN
Puka Nacua,WR,4,LAR
Jaxon Smith-Njigba,WR,5,SEA
Amon-Ra St. Brown,WR,6,DET
Christian McCaffrey,RB,7,SF
Jonathan Taylor,RB,8,IND
CeeDee Lamb,WR,9,DAL
James Cook,RB,10,BUF
Justin Jefferson,WR,11,MIN
Chase Brown,RB,12,CIN
Drake London,WR,13,ATL
Saquon Barkley,RB,14,PHI
A.J. Brown,WR,15,NE
De'Von Achane,RB,16,MIA
Nico Collins,WR,17,HOU
Brock Bowers,TE,18,LV
Omarion Hampton,RB,19,LAC
Ashton Jeanty,RB,20,LV
Derrick Henry,RB,21,BAL
Kenneth Walker,RB,22,KC
George Pickens,WR,23,DAL
Chris Olave,WR,24,NO
Trey McBride,TE,25,ARI
Josh Allen,QB,26,BUF
Malik Nabers,WR,27,NYG
Rashee Rice,WR,28,KC
DeVonta Smith,WR,29,PHI
Zay Flowers,WR,30,BAL
Kyren Williams,RB,31,LAR
Tee Higgins,WR,32,CIN
Javonte Williams,RB,33,DAL
Breece Hall,RB,34,NYJ
Tetairoa McMillan,WR,35,CAR
Lamar Jackson,QB,36,BAL
Josh Jacobs,RB,37,GB
Garrett Wilson,WR,38,NYJ
Ladd McConkey,WR,39,LAC
Jaylen Waddle,WR,40,DEN
Emeka Egbuka,WR,41,TB
Colston Loveland,TE,42,CHI
Jeremiyah Love,RB,43,ARI
Drake Maye,QB,44,NE
Travis Etienne,RB,45,NO
Terry McLaurin,WR,46,WAS
Davante Adams,WR,47,LAR
D'Andre Swift,RB,48,CHI
Joe Burrow,QB,49,CIN
Luther Burden,WR,50,CHI
Cam Skattebo,RB,51,NYG
Jameson Williams,WR,52,DET
Tyler Warren,TE,53,IND
Bucky Irving,RB,54,TB
Quinshon Judkins,RB,55,CLE
David Montgomery,RB,56,HOU
DJ Moore,WR,57,BUF
Christian Watson,WR,58,GB
Jayden Daniels,QB,59,WAS
Mike Evans,WR,60,SF
Rome Odunze,WR,61,CHI
Jalen Hurts,QB,62,PHI
Bhayshul Tuten,RB,63,JAC
TreVeyon Henderson,RB,64,NE
Jadarian Price,RB,65,SEA
Parker Washington,WR,66,JAC
Caleb Williams,QB,67,CHI
Tucker Kraft,TE,68,GB
Marvin Harrison,WR,69,ARI
Rhamondre Stevenson,RB,70,NE
Justin Herbert,QB,71,LAC
Jaylen Warren,RB,72,PIT
Carnell Tate,WR,73,TEN
Trevor Lawrence,QB,74,JAC
Brian Thomas,WR,75,JAC
DK Metcalf,WR,76,PIT
Tony Pollard,RB,77,TEN
Dak Prescott,QB,78,DAL
Harold Fannin,TE,79,CLE
Rico Dowdle,RB,80,PIT
Sam LaPorta,TE,81,DET
Chris Godwin,WR,82,TB
Kyle Pitts,TE,83,ATL
Jonathon Brooks,RB,84,CAR
Courtland Sutton,WR,85,DEN
J.K. Dobbins,RB,86,DEN
Michael Pittman,WR,87,PIT
Michael Wilson,WR,88,ARI
Quentin Johnston,WR,89,LAC
Brock Purdy,QB,90,SF
Chuba Hubbard,RB,91,CAR
Blake Corum,RB,92,LAR
George Kittle,TE,93,SF
Josh Downs,WR,94,IND
Alec Pierce,WR,95,IND
Jaxson Dart,QB,96,NYG
RJ Harvey,RB,97,DEN
Jacory Croskey-Merritt,RB,98,WAS
Wan'Dale Robinson,WR,99,TEN
Stefon Diggs,WR,100,WAS
Bo Nix,QB,101,DEN
Patrick Mahomes,QB,102,KC
Travis Kelce,TE,103,KC
Jordan Addison,WR,104,MIN
Kenny Gainwell,RB,105,TB
Jordan Mason,RB,106,MIN
Jayden Reed,WR,107,GB
Matthew Stafford,QB,108,LAR
Kyle Monangai,RB,109,CHI
Jared Goff,QB,110,DET
Jakobi Meyers,WR,111,JAC
Rachaad White,RB,112,WAS
Dalton Kincaid,TE,113,BUF
Makai Lemon,WR,114,PHI
Aaron Jones,RB,115,MIN
Dallas Goedert,TE,116,PHI
Isaiah Likely,TE,117,NYG
Baker Mayfield,QB,118,TB
Kyler Murray,QB,119,MIN
Jordan Love,QB,120,GB
Chris Rodriguez,RB,121,JAX
Mark Andrews,TE,122,BAL
Xavier Worthy,WR,123,KC
Romeo Doubs,WR,124,NE
Matthew Golden,WR,125,GB
Jalen Coker,WR,126,CAR
Tyler Shough,QB,127,NO
Woody Marks,RB,128,HOU
Jake Ferguson,TE,129,DAL
Tyler Allgeier,RB,130,ARI
Khalil Shakir,WR,131,BUF
Jordyn Tyson,WR,132,NO
KC Concepcion,WR,133,CLE
Tyjae Spears,RB,134,TEN
Deebo Samuel,WR,135,SF
Malik Willis,QB,136,MIA
Keaton Mitchell,RB,137,LAC
Juwan Johnson,TE,138,NO
Tank Bigsby,RB,139,PHI
Sam Darnold,QB,140,SEA
Hunter Henry,TE,141,NE
Jonah Coleman,RB,142,DEN
Zach Charbonnet,RB,143,SEA
Rashid Shaheed,WR,144,SEA
De'Zhaun Stribling,WR,145,SF
C.J. Stroud,QB,146,HOU
Dylan Sampson,RB,147,CLE
Brenton Strange,TE,148,JAX
Tyrone Tracy,RB,149,NYG
Isiah Pacheco,RB,150,DET
Alvin Kamara,RB,151,NO
Chig Okonkwo,TE,152,WAS
Dalton Schultz,TE,153,HOU
Cam Ward,QB,154,TEN
Daniel Jones,QB,155,IND
Brian Robinson,RB,156,ATL
Adonai Mitchell,WR,157,NYJ
Denzel Boston,WR,158,CLE
Braelon Allen,RB,159,NYJ
MarShawn Lloyd,RB,160,GB
Tre Tucker,WR,161,LV
Jauan Jennings,WR,162,MIN
Jalen McMillan,WR,163,TB
Jerry Jeudy,WR,164,CLE
Ray Davis,RB,165,BUF
AJ Barner,TE,166,SEA
Tre' Harris,WR,167,LAC
Mike Washington,RB,168,LV
Bryce Young,QB,169,CAR
T.J. Hockenson,TE,170,MIN
Dontayvion Wicks,WR,171,PHI
Terrance Ferguson,TE,172,LAR
Kayshon Boutte,WR,173,HOU
Emmett Johnson,RB,174,KC
Oronde Gadsden,TE,175,LAC
Jalen Nailor,WR,176,LV
Omar Cooper,WR,177,NYJ
Pat Bryant,WR,178,DEN
Ryan Flournoy,WR,179,DAL
Malik Washington,WR,180,MIA
Sean Tucker,RB,181,TB
Jacoby Brissett,QB,182,ARI
Kimani Vidal,RB,183,LAC
Calvin Ridley,WR,184,TEN
Kenyon Sadiq,TE,185,NYJ
Keenan Allen,WR,186,IND
Tank Dell,WR,187,HOU
Nicholas Singleton,RB,188,TEN
Jaylin Noel,WR,189,HOU
Gunnar Helm,TE,190,TEN
Travis Hunter,WR,191,JAX
Houston Texans,DEF,192,HOU
Denver Broncos,DEF,193,DEN
Geno Smith,QB,194,NYJ
Seattle Seahawks,DEF,195,SEA
Los Angeles Rams,DEF,196,LAR
Jaydon Blue,RB,197,DAL
Isaac TeSlaa,WR,198,DET
Rashod Bateman,WR,199,BAL
Cade Otton,TE,200,TB
Pat Freiermuth,TE,201,PIT
Kaytron Allen,RB,202,WAS
Aaron Rodgers,QB,203,PIT
Philadelphia Eagles,DEF,204,PHI
Jacksonville Jaguars,DEF,205,JAC
Emanuel Wilson,RB,206,SEA
New England Patriots,DEF,207,NE
Pittsburgh Steelers,DEF,208,PIT
Brandon Aubrey,K,209,DAL
Los Angeles Chargers,DEF,210,LAC
Minnesota Vikings,DEF,211,MIN
Cameron Dicker,K,212,LAC
James Conner,RB,213,ARI
Darnell Mooney,WR,214,NYG
Ka'imi Fairbairn,K,215,HOU
Cooper Kupp,WR,216,SEA
Cam Little,K,217,JAX
George Holani,RB,218,SEA
Troy Franklin,WR,219,DEN
Baltimore Ravens,DEF,220,BAL
Kansas City Chiefs,DEF,221,KC
Jason Myers,K,222,SEA
Jaylen Wright,RB,223,MIA
Tyler Loop,K,224,BAL
David Njoku,TE,225,LAC
Eddy Pineiro,K,226,SF
Jake Bates,K,227,DET
Green Bay Packers,DEF,228,GB
Germie Bernard,WR,229,PIT
Fernando Mendoza,QB,230,LV
Harrison Mevis,K,231,LAR
Evan Engram,TE,232,DEN
Zachariah Branch,WR,233,ATL
Malachi Fields,WR,234,NYG
Colby Parkinson,TE,235,LAR
Cairo Santos,K,236,CHI
Devaughn Vele,WR,237,NO
Buffalo Bills,DEF,238,BUF
Detroit Lions,DEF,239,DET
Kaelon Black,RB,240,CHI
Ollie Gordon,RB,241,BUF
Justice Hill,RB,242,LAR
Demond Claiborne,RB,243,WAS
Chase McLaughlin,K,244,LAC
Antonio Williams,WR,245,NYG
Jack Bech,WR,246,TB
Keon Coleman,WR,247,SF
Andy Borregales,K,248,KC
Isaiah Davis,RB,249,KC
Tua Tagovailoa,QB,250,ARI
Tory Horton,WR,251,LAR
Evan McPherson,K,252,ATL
Elic Ayomanor,WR,253,ARI
Ja'Kobi Lane,WR,254,BUF
Chris Brooks,RB,255,CAR
Najee Harris,RB,256,KC
Cleveland Browns,DEF,257,CLE
Jordan James,RB,258,WAS
Samaje Perine,RB,259,PHI
Ted Hurst,WR,260,TB
Harrison Butker,K,261,KC
Ty Johnson,RB,262,BUF
Chimere Dike,WR,263,TEN
Chris Boswell,K,264,PIT
Tyquan Thornton,WR,265,KC
LeQuint Allen,RB,266,JAC
Michael Penix,QB,267,ATL
Chris Bell,WR,268,MIA
Kirk Cousins,QB,269,LV
Wil Lutz,K,270,DEN
Greg Dulcich,TE,271,MIA
Darius Slayton,WR,272,NYG
Malik Davis,RB,273,DAL
DJ Giddens,RB,274,IND
Christian Kirk,WR,275,SF
Xavier Legette,WR,276,CAR
Mason Taylor,TE,277,NYJ
Deshaun Watson,QB,278,CLE
Elijah Sarratt,WR,279,BAL
Theo Johnson,TE,280,NYG
Will Reichard,K,281,MIN
Shedeur Sanders,QB,282,CLE
Seth McGowan,RB,283,IND
Caleb Douglas,WR,284,MIA
Marvin Mims,WR,285,DEN
Devin Neal,RB,286,NO
Kendre Miller,RB,287,NO
Adam Randall,RB,288,BAL
Emari Demercado,RB,289,DAL
Brashard Smith,RB,290,GB
San Francisco 49ers,DEF,291,SF
Devin Singletary,RB,292,JAC
Eli Stowers,TE,293,TEN
Atlanta Falcons,DEF,294,ATL
Trey Benson,RB,295,FA
Marquise Brown,WR,296,PHI
Trevor Etienne,RB,297,CAR
Cyrus Allen,WR,298,KC
Tahj Brooks,RB,299,CIN
New Orleans Saints,DEF,300,NO
Mack Hollins,WR,301,NE
Kyle Williams,WR,302,NE
Mike Gesicki,TE,303,CIN
Kaleb Johnson,RB,304,PIT
Isaac Guerendo,RB,305,SF
Isaiah Bond,WR,306,CLE
Jerome Ford,RB,307,WAS
Jarquez Hunter,RB,308,LAR
Audric Estime,RB,309,NO
Jaleel McLaughlin,RB,310,DEN
Skyler Bell,WR,311,BUF
Charlie Smyth,K,312,NO
Brandon Aiyuk,WR,313,SF
Indianapolis Colts,DEF,314,IND
Will Shipley,RB,315,PHI
Andrei Iosivas,WR,316,CIN
Chicago Bears,DEF,317,CHI
Jake Tonges,TE,318,SF
Tyreek Hill,WR,319,FA
Darnell Washington,TE,320,PIT
Darren Waller,TE,321,CAR
Oscar Delp,TE,322,NO
Michael Mayer,TE,323,LV
Jahan Dotson,WR,324,ATL
DeMario Douglas,WR,325,NE
Kareem Hunt,RB,326,FA
Elijah Arroyo,TE,327,SEA
Carson Beck,QB,328,ARI
Jalen Tolbert,WR,329,MIA
Bryce Lance,WR,330,NO
Joe Mixon,RB,331,FA
J.J. McCarthy,QB,332,MIN
Erick All,TE,333,CIN
Charlie Kolar,TE,334,LAC
Xavier Hutchinson,WR,335,HOU
Konata Mumpfield,WR,336,LAR
Dallas Cowboys,DEF,337,DAL
Eli Raridon,TE,338,NE
Cedric Tillman,WR,339,CLE
Cole Kmet,TE,340,CHI
Dawson Knox,TE,341,BUF
Tyler Higbee,TE,342,LAR
Luke McCaffrey,WR,343,WAS
Brenen Thompson,WR,344,LAC
Calvin Austin,WR,345,NYG
Tez Johnson,WR,346,TB
Mac Jones,QB,347,SF
Noah Gray,TE,348,KC
Jalen Royals,WR,349,KC
Zonovan Knight,RB,350,ARI
Max Klare,TE,351,LAR
Olamide Zaccheaus,WR,352,ATL
Kendrick Bourne,WR,353,ARI
Joshua Palmer,WR,354,BUF
Chris Brazzell,WR,355,CAR
Justin Fields,QB,356,KC
Ja'Tavion Sanders,TE,357,CAR
Treylon Burks,WR,358,WAS
Jake Elliott,K,359,PHI
Ty Simpson,QB,360,LAR
Eli Heidenreich,RB,361,PIT
Michael Carter,RB,362,TEN
Jawhar Jordan,RB,363,HOU
Justin Joly,TE,364,DEN
Carolina Panthers,DEF,365,CAR
Tyler Bass,K,366,BUF
Savion Williams,WR,367,GB
Kalif Raymond,WR,368,CHI
Malik Benson,WR,369,LV
Anthony Richardson,QB,370,IND
Kevin Coleman,WR,371,MIA
Dont'e Thornton,WR,372,LV
New York Giants,DEF,373,NYG
KaVontae Turpin,WR,374,DAL
Roman Wilson,WR,375,PIT
John Metchie,WR,376,CAR
Raheim Sanders,RB,377,CLE
Noah Fant,TE,378,NO
Roschon Johnson,RB,379,CHI
Joe Flacco,QB,380,CIN
Tampa Bay Buccaneers,DEF,381,TB
Tommy Tremble,TE,382,CAR
Zavion Thomas,WR,383,CHI
Colbie Young,WR,384,CIN
Jaylin Lane,WR,385,WAS
CJ Daniels,WR,386,LAR
Luke Musgrave,TE,387,GB
Cincinnati Bengals,DEF,388,CIN
Phil Mafah,RB,389,DAL
Trey Smack,K,390,GB
Jam Miller,RB,391,NE
J'Mari Taylor,RB,392,JAX
Tennessee Titans,DEF,393,TEN
Joe Milton,QB,394,DAL
Zane Gonzalez,K,395,PIT
Jordan Whittington,WR,396,LAR
Ben Sinnott,TE,397,WAS
Devontez Walker,WR,398,BAL
Nick Westbrook-Ikhine,WR,399,IND
Demarcus Robinson,WR,400,SF
Austin Hooper,TE,401,ATL
Mitchell Evans,TE,402,CAR
Miami Dolphins,DEF,403,MIA
Rasheen Ali,RB,404,BAL
Daniel Bellinger,TE,405,TEN
Marcus Mariota,QB,406,WAS
Barion Brown,WR,407,NO
Nick Folk,K,408,ATL
John Bates,TE,409,WAS
Ashton Dulin,WR,410,IND
Cade Klubnik,QB,411,NYJ
Jameis Winston,QB,413,NYG
Sione Vaki,RB,414,DET
Damien Martinez,RB,415,GB
Tutu Atwell,WR,416,MIA
Deion Burks,WR,417,IND
Austin Ekeler,RB,418,FA
Greg Dortch,WR,419,DET
Dyami Brown,WR,420,WAS
Elijah Higgins,TE,421,ARI
Blake Grupe,K,422,IND
Tim Patrick,WR,423,NYJ
Dameon Pierce,RB,424,PHI
Las Vegas Raiders,DEF,425,LV
Daniel Carlson,K,426,NO
Terrell Jennings,RB,427,FA
Josh Oliver,TE,428,MIN
Will Kacmarek,TE,429,MIA
Marlin Klein,TE,430,HOU
Tai Felton,WR,431,MIN
Tyler Goodson,RB,432,ATL
Robert Henry,RB,433,WAS
Zavier Scott,RB,434,MIN
Chad Ryland,K,436,ARI
Joey Slye,K,437,TEN
Ryan Fitzgerald,K,438,CAR
Brandon McManus,K,439,FA
Washington Commanders,DEF,440,WAS
Jake Moody,K,441,FA
New York Jets,DEF,442,NYJ
Arizona Cardinals,DEF,443,ARI
Tanner Koziol,TE,444,JAC
Jackson Hawes,TE,445,BUF
Adam Trautman,TE,446,DEN
Luke Schoonmaker,TE,447,DAL
Jahdae Walker,WR,448,CHI
Ben Sauls,K,449,NYG
Riley Leonard,QB,450,IND
Odell Beckham,WR,451,NYG
Spencer Shrader,K,452,IND
Jimmy Horn,WR,453,CAR
Ronnie Rivers,RB,454,LAR
Lil'Jordan Humphrey,WR,455,DEN
Marquez Valdes-Scantling,WR,456,DAL
Dylan Laube,RB,458,LV
Zach Ertz,TE,459,FA
Khalil Herbert,RB,460,SF
Jonnu Smith,TE,461,FA
Xavier Restrepo,WR,462,TEN
Matt Hibner,TE,463,BAL
Mitch Tinsley,WR,464,CIN
Elijah Moore,WR,465,PHI
Foster Moreau,TE,466,HOU
Xavier Smith,WR,467,LAR
Mo Alie-Cox,TE,468,IND
Tyler Conklin,TE,469,DET
Van Jefferson,WR,470,WAS
Jason Sanders,K,471,NYJ
Jacob Cowing,WR,472,SF
Sam Roush,TE,473,CHI
Drew Sample,TE,474,CIN
Nate Boerkircher,TE,475,JAC
Reggie Virgil,WR,476,ARI
Cade Stover,TE,477,HOU
Jeremy Ruckert,TE,478,NYJ
Isaiah Williams,WR,479,NYJ
Jeremy McNichols,RB,480,WAS
Josh Cuevas,TE,481,BAL
Durham Smythe,TE,482,BAL
Roman Hemby,RB,483,LV
Tyrod Taylor,QB,484,GB
Cedrick Wilson,WR,485,DET
Jelani Woods,TE,486,NYJ
Tanner Hudson,TE,487,CIN
KeAndre Lambert-Smith,WR,488,LAC
Jacob Saylors,RB,489,DET
Brock Wright,TE,490,DET
Gardner Minshew,QB,491,ARI
Ty Chandler,RB,492,NO
Quinn Ewers,QB,493,MIA
DeAndre Hopkins,WR,494,BAL
Nate Adkins,TE,495,DEN
Theo Wease,WR,496,MIA
Tyler Lockett,WR,497,LV
Justin Watson,WR,498,HOU
Frank Gore,RB,499,BUF
Efton Chism,WR,501,NE
David Sills,WR,502,TB
Drew Stevens,K,503,WAS
Brycen Tremayne,WR,504,CAR
Travis Homer,RB,505,PIT
Jalen Brooks,WR,506,ARI
Reggie Gilliam,RB,507,NE
Max Bredeson,TE,508,MIN
Jaret Patterson,RB,510,LAC
British Brooks,RB,512,HOU
Chris Blair,WR,513,ATL
Antonio Gibson,RB,514,FA
Jake Browning,QB,515,TB
Lan Larison,RB,516,NE
Michael Trigg,TE,517,DAL
Kalel Mullings,RB,518,TEN
Josh Williams,RB,520,TB
Jack Endries,TE,521,CIN
Jalen Milroe,QB,522,SEA
Nathan Carter,RB,523,ATL
Davis Mills,QB,524,HOU
Scotty Miller,WR,525,CHI
Donovan Edwards,RB,526,MIA
Khalil Dinkins,TE,527,SF
Moliki Matavao,TE,528,NO
Kene Nwangwu,RB,529,NYJ
Davis Allen,TE,530,LAR
Trey Lance,QB,531,LAC
Derius Davis,WR,532,LAC
Myles Price,WR,533,MIN
Jake Bobo,WR,534,SEA
Tyson Bagent,QB,535,CHI
Noah Whittington,RB,536,HOU
Luke Farrell,TE,537,SF
Payne Durham,TE,538,TB
Lew Nichols,RB,539,PIT
Velus Jones,WR,540,SEA
Will Levis,QB,541,TEN
Jalen Reagor,WR,542,MIA
Ben Sims,TE,543,MIA
Josh Cameron,WR,544,JAC
Michael Woods,WR,545,DEN
Blake Whiteheart,TE,546,CLE
Josh Whyle,TE,547,GB
Brevyn Spann-Ford,TE,548,DAL
Kevin Austin,WR,549,NO
Jaydn Ott,RB,550,KC
Julian Hill,TE,551,NE
Jared Wayne,WR,552,HOU
Cash Jones,RB,553,ATL
Jeshaun Jones,WR,554,MIN
Casey Washington,WR,555,CAR
Isaiah Hodgins,WR,556,NYG
Tyler Badie,RB,557,DEN
Miles Davis,RB,558,CAR
Sincere McCormick,RB,559,SF
Quentin Skinner,WR,560,BUF
Mason Tipton,WR,561,NO
Michael Bandy,WR,562,DEN
Tyrell Shavers,WR,563,BUF
Jordan Watkins,WR,564,SF
Kaden Wetjen,WR,565,PIT
Mecole Hardman,WR,566,BUF
Ahmani Marshall,RB,567,CLE
Kameron Johnson,WR,568,TB
Darius Cooper,WR,569,PHI
Arian Smith,WR,571,NYJ
Coleman Owen,WR,572,IND
Skyy Moore,WR,573,GB
Jonathan Mingo,WR,574,DAL
Ben Skowronek,WR,575,PIT
Bo Melton,WR,576,GB
Maurice Alexander,WR,577,CHI
Miles Sanders,RB,578,FA
Anthony Gould,WR,579,IND
David Moore,WR,580,CAR
Nikko Remigio,WR,581,KC
Anderson Castle,RB,582,IND
Malachi Corley,WR,583,CLE
Cody White,WR,584,SEA
Miles Kitselman,TE,585,FA
Eric Gray,RB,586,NYG
Dareke Young,WR,587,LV
Will Dissly,TE,588,FA
Gage Larvadain,WR,589,CLE
Devin Duvernay,WR,590,ARI
Drake Dabney,TE,591,GB
Britain Covey,WR,592,PHI
Myles Montgomery,RB,593,FA
Alexander Mattison,RB,594,FA
Jaheim Bell,TE,595,PIT
DeeJay Dallas,RB,596,JAX
Raheem Mostert,RB,597,FA
Pierre Strong,RB,598,GB
Spencer Rattler,QB,599,NO
Ulysses Bentley,RB,600,IND
Ke'Shawn Williams,WR,601,CIN
Drew Allar,QB,602,PIT
Charlie Jones,WR,603,CIN
Mason Kinsey,WR,604,TEN
Elijah Tau-Tolliver,RB,605,BAL
Elijah Mitchell,RB,606,FA
Dohnte Meyers,WR,607,CIN
Andre Szmyt,K,608,CLE
Cam Akers,RB,609,FA
Taylen Green,QB,610,CLE
Seydou Traore,TE,611,MIA
Joe Royer,TE,612,CLE
Brandin Cooks,WR,613,FA
Noah Brown,WR,614,FA
Bauer Sharp,TE,615,TB
JaMycal Hasty,RB,616,NE
Mason Rudolph,QB,617,PIT
Tyler Huntley,QB,618,BAL
Dominic Zvada,K,619,NYG
Craig Reynolds,RB,620,WAS
Kenny McIntosh,RB,621,FA
Jermar Jefferson,RB,622,MIN
Stone Smartt,TE,623,PHI
Tanner McKee,QB,624,PHI
Jack Stoll,TE,625,CLE
Eric Saubert,TE,626,SEA
Grant Calcaterra,TE,627,PHI
Andy Dalton,QB,628,PHI
Jared Wiley,TE,629,KC
Tip Reiman,TE,630,ARI
Drew Ogletree,TE,631,IND
Diontae Johnson,WR,632,FA
Curtis Samuel,WR,633,FA
Brevin Jordan,TE,634,HOU
Vinny Anthony,WR,635,ATL
Charlie Woerner,TE,636,ATL
Jake Briningstool,TE,637,KC
Teagan Quitoriano,TE,638,ARI
Tahj Washington,WR,639,MIA
Ian Thomas,TE,640,LV
JuJu Smith-Schuster,WR,641,FA
J. Michael Sturdivant,WR,642,GB
Montorie Foster,WR,643,SEA
Kylen Granson,TE,644,TEN
Joel Wilson,TE,645,TEN
Bub Means,WR,646,NO
Kendric Pryor,WR,647,CIN
Gavin Bartholomew,TE,648,MIN
Ben Yurosek,TE,649,MIN
Michael Briscoe,WR,650,MIN
Ty Pezza,TE,651,BAL
Kendrick Law,WR,652,DET
Will Mallory,TE,653,IND
K.J. Osborn,WR,654,TEN
Lucas Krull,TE,655,DEN
Joshua Cephus,WR,656,FA
Cooper Rush,QB,657,ATL
Dominic Lovett,WR,658,DET
Deontay Burnett,WR,659,FA
Tanner Conner,TE,660,NYG
Ricky White,WR,661,SEA
Jermaine Burton,WR,662,FA
Carsen Ryan,TE,663,CLE
Terrace Marshall,WR,664,MIA
Michael Wortham,WR,665,JAC
Johnny Mundt,TE,666,PHI
Joshua Simon,TE,667,ATL
Albert Okwuegbunam,TE,668,LV
Tyler Scott,WR,669,LAR
Cole Turner,TE,670,MIA
Tyler Johnson,WR,671,DAL
Brayden Willis,TE,672,SF
Devin Culp,TE,673,TB
Colson Yankoff,TE,674,WAS
Ray-Ray McCloud,WR,675,CHI
David Martin-Robinson,TE,676,TEN
Brenden Bates,TE,677,CLE
Hayden Rucci,TE,678,SF
Hunter Long,TE,679,JAC
CJ Dippre,TE,680,NE
Jack Velling,TE,681,ATL
Bryson Nesbit,TE,682,MIN
Cameron Latu,TE,683,PHI
Hassan Haskins,RB,684,NE
Riley Patterson,K,685,MIA
Kansei Matsuzawa,K,686,LV
Tanner Brown,K,687,NO
Ameer Abdullah,RB,688,JAC
Ko Kieft,TE,689,TB
Ronnie Bell,WR,690,NO
Chris Manhertz,TE,691,NYG
Quintin Morris,TE,692,JAC
Zach Horton,TE,693,DET
Rivaldo Fairweather,TE,694,ARI
Corey Kiner,RB,695,ARI
Jamal Haynes,RB,696,CIN
Dante Pettis,WR,697,BUF
Shedrick Jackson,WR,698,LV
Princeton Fant,TE,699,DAL
E.J. Jenkins,TE,700,PHI
B.T. Potter,K,701,TB
Deven Thompkins,WR,702,LV
Jack Westover,TE,703,NE
Taysom Hill,TE,704,FA
Lance Mason,TE,705,PIT
Tanner Arkin,TE,706,NE
Dean Connors,RB,707,LAR
Kenny Fletcher,TE,708,TB
Dylan Drummond,WR,709,ATL
Lake McRee,TE,710,PIT
Cam Grandy,TE,711,CIN
DJ Rogers,TE,712,DAL
Tylan Wallace,WR,713,CLE
James Mitchell,TE,714,CAR
Chris Moore,WR,715,BAL
Nick Kallerup,TE,716,SEA
Tay Martin,WR,717,DET
Shane Zylstra,TE,718,BUF
Tom Kennedy,WR,719,DET
Chase Curtis,TE,720,NYJ
Quentin Moore,TE,721,WAS
Zaire Mitchell-Paden,TE,722,GB
LaJohntay Wester,WR,723,CHI
Xavier Weaver,WR,724,LAR
Jalin Hyatt,WR,725,LAR
Zay Jones,WR,726,KC
Patrick Herbert,TE,727,SEA
Thomas Fidone,TE,728,LAR
Braxton Berrios,WR,729,NYG
KhaDarel Hodge,WR,730,BAL
Messiah Swinson,TE,731,GB
Kentrel Bullock,RB,732,BAL
Jakobie Keeney-James,WR,733,ARI
Dontae McMillan,RB,734,BAL
Carter Runyon,TE,735,LV
Keleki Latu,TE,736,LV
Jabari Small,RB,737,SF
AJ Dillon,RB,738,ARI
Treyton Welch,TE,739,NO
Simi Fehoko,WR,740,ARI
Gunner Olszewski,WR,741,NYG
Bryce Oliver,WR,742,TEN
Evan Svoboda,TE,743,LAC
Samori Toure,WR,744,PHI
DeaMonte Trayanum,RB,745,NYJ
Cody Hardy,TE,746,NO
Sterling Shepard,WR,747,HOU
Patrick Gurd,TE,748,LV
Dallen Bentley,TE,749,DEN
CJ Donaldson,RB,750,NO
Brittain Brown,RB,751,CHI
Jason Brownlee,WR,752,KC
Jamari Thrash,WR,753,CLE
Alex Bachman,WR,754,LAR
Johnny Pascuzzi,TE,755,LAC
Jarrett Stidham,QB,756,DEN
Ryan Miller,WR,757,MIA
Xavier Gipson,WR,758,NYG
Hayden Large,TE,759,CHI
Jimmy Holiday,WR,760,KC
Gary Brightwell,RB,761,CIN
Will Howard,QB,762,PIT
Austin Trammell,WR,763,JAX
Trent Sherfield,WR,764,BUF
Garrett Nussmeier,QB,765,KC
Kenny Pickett,QB,766,CAR
Dillon Gabriel,QB,767,CLE
Sam Howell,QB,768,DAL
Mitchell Trubisky,QB,769,TEN
Tommy DeVito,QB,770,NE
Raheem Blackshear,RB,771,DET
Drew Lock,QB,772,SEA
Mario Williams,WR,773,FA
Tejhaun Palmer,WR,774,NE
Carson Wentz,QB,775,MIN
Antwane Wells,WR,776,ATL
Tim Jones,WR,777,JAX
John Michael Gyllenborg,TE,778,KC
Joshua Dobbs,QB,779,DET
Salvon Ahmed,RB,780,CHI
Davon Booth,RB,781,CLE
Cody Schrader,RB,782,DEN
Kyle Allen,QB,783,BUF
Josiah Deguara,TE,784,FA
Aidan O'Connell,QB,785,LV
Nick Mullens,QB,786,JAX
Zamir White,RB,787,NO
Josh Johnson,QB,788,CIN
Brady Cook,QB,789,NYJ
Anthony Hankerson,RB,790,FA
Malik Turner,WR,791,SF
Zach Wilson,QB,792,NO
Haynes King,QB,793,CAR
EJ Smith,RB,794,KC
Beaux Collins,WR,795,ATL
Dalen Cambre,WR,796,NYG
Jaden Nixon,RB,797,GB
Andrew Beck,RB,798,NYJ
Brandon Allen,QB,799,NYG
Julius Chestnut,RB,800,TEN
Carson Steele,RB,801,PHI
Thomas Gordon,TE,802,DET
Owen Wright,RB,803,HOU
Pharaoh Brown,TE,804,IND
Evan Hull,RB,805,ARI
Jordan Waters,RB,806,LAR
Patrick Taylor,RB,807,SF
Carson Towt,TE,808,IND
Chris Myarick,TE,809,LV
Connor Heyward,TE,810,LV
Jameson Geers,TE,811,ARI
Dae'Quan Wright,TE,812,FA
Layne Pryor,TE,813,HOU
Jaren Kanak,TE,814,TEN
Stephen Carlson,TE,815,CHI
Sean McKeon,TE,816,IND
Ja'Quinden Jackson,RB,817,FA
Ethan Conner,TE,818,MIA
RJ Maryland,TE,819,GB
Nikola Kalinic,TE,820,CHI
Mark Redman,TE,821,LAR
Dan Villari,TE,822,LAR
Terion Stewart,RB,823,KC
Jacardia Wright,RB,824,SEA
Rohan Jones,TE,825,LAR
Desmond Reid,RB,826,FA
Gus Edwards,RB,827,FA
Israel Abanikanda,RB,828,DAL
Josh Kattus,TE,829,CIN
Amar Johnson,RB,830,LAC
Zack Moss,RB,831,FA
Jeff Caldwell,WR,832,FA
Coleman Bennett,RB,833,FA
Dante Miller,RB,834,NYG
Trey Sermon,RB,835,ATL
Kendall Milton,RB,836,CIN
Jeff Wilson,RB,837,FA
Royce Freeman,RB,838,FA
Nick Vannett,TE,839,SEA
Trayveon Williams,RB,840,DET
Damon Bankston,RB,841,NYG
D'Onta Foreman,RB,842,FA
Carlos Washington,RB,843,MIA
Dare Ogunbowale,RB,844,LV
Chris Collier,RB,845,LV
Laquon Treadwell,WR,846,IND
Gregory Desrosiers,RB,847,LAC
Clyde Edwards-Helaire,RB,848,FA
Myles Gaskin,RB,849,FA
Sam Scott,RB,850,NYJ
Darrynton Evans,RB,851,FA
Tyrion Davis-Price,RB,852,FA
Camden Brown,WR,853,DAL
Jashaun Corbin,RB,854,DAL
Gabe Davis,WR,855,FA
D'Ernest Johnson,RB,856,TEN
Dominic Richardson,RB,857,NYJ
Eli Pancol,WR,858,IND
Emmanuel Henderson,WR,859,SEA
Isaiah Neyor,WR,860,GB
Andrew Armstrong,WR,861,KC
Raylen Sharpe,WR,862,IND
Jacob De Jesus,WR,864,KC
Sahmir Hagans,WR,865,IND
Omari Kelly,WR,866,CHI
Anthony Smith,WR,867,DAL
Brennan Presley,WR,868,LAR
Kaden Prather,WR,869,GB
Omari Evans,WR,870,KC
Tru Edwards,WR,871,LAR
JP Richardson,WR,872,CHI
Xavier Loyd,WR,873,KC
Lewis Bond,WR,874,HOU
Devonte Ross,WR,875,LAC
Nick Nash,WR,876,WAS
Jordan Moore,WR,877,CIN
Chris Hilton,WR,878,GB
Brandon Smith,WR,879,PIT
Sincere Brown,WR,880,LAC
Jamaal Pritchett,WR,881,NYJ
Jaden Bradley,WR,882,WAS
Noah Thomas,WR,883,CIN
Tyren Montgomery,WR,884,TEN
Rashad Rochelle,WR,885,SEA
Brandon Johnson,WR,886,LV
Josh Kelly,WR,887,HOU
E.J. Williams,WR,888,LV
Donaven McCulley,WR,889,MIA
Junior Bergen,WR,890,NYJ
Caullin Lacy,WR,891,NYJ
Dontae Fleming,WR,892,MIN
Eric Rivers,WR,893,TB
Malik McClain,WR,894,NYJ
Hakeem Butler,TE,895,DEN
Dillon Bell,WR,896,MIN
Dane Key,WR,897,DEN
AJ Henning,WR,898,MIA
Jordan Hudson,WR,899,DAL
Quez Watkins,WR,900,PHI
Danny Gray,WR,901,PHI
Stephen Gosnell,WR,902,BUF
Treyvhon Saunders,WR,903,HOU
Trey Palmer,WR,904,NO
Daniel Sobkowicz,WR,905,HOU
Dennis Houston,WR,906,TB
Wesley Grimes,WR,907,SF
Kolbe Katsis,WR,908,DEN
Nick DeGennaro,WR,909,NE
Dean Patterson,WR,910,TB
Cameron Dorner,WR,911,NE
Cameron Ross,WR,912,DEN
Kobe Prentice,WR,913,FA
Keelan Marion,WR,914,ATL
Max Tomczak,WR,915,BUF
Johnny Wilson,WR,916,PHI
Hank Beatty,WR,917,TEN
Kyle Dixon,WR,918,NE
Ja'Mori Maclin,WR,919,BUF
Jackson Meeks,WR,920,DET
Lance McCutcheon,WR,921,TEN
Courtney Jackson,WR,922,TEN
Luke Floriea,WR,923,CLE
Brock Rechsteiner,WR,924,NO
Kole Wilson,WR,925,CLE
Bryson Green,WR,926,FA
Cornelius Johnson,WR,927,BAL
Xavier Guillory,WR,928,BAL
Cortez Braham,WR,929,BAL
Harrison Wallace,WR,930,ARI
Octavian Smith,WR,931,BAL
Irv Charles,WR,932,SEA
Phillip Dorsett,WR,933,LV
Trenton Irwin,WR,934,SF
Ihmir Smith-Marsette,WR,935,ARI
