Player,Pos,Rank,Team,Bye
Dean Patterson IV,WR,910,TB,10
Cameron Dorner,WR,911,NE,11
Cameron Ross,WR,912,DEN,10
Kobe Prentice,WR,913,NE,11
Keelan Marion,WR,914,ATL,11
Max Tomczak,WR,915,BUF,7
Johnny Wilson,WR,916,PHI,10
Hank Beatty,WR,917,TEN,9
Kyle Dixon,WR,918,NE,11
Ja'Mori Maclin,WR,919,BUF,7
Jackson Meeks,WR,920,DET,6
Lance McCutcheon,WR,921,TEN,9
Courtney Jackson,WR,922,TEN,9
Luke Floriea,WR,923,CLE,11
Brock Rechsteiner,WR,924,NO,8
Kole Wilson,WR,925,CLE,11
Bryson Green,WR,926,ARI,14
Cornelius Johnson,WR,927,BAL,13
Xavier Guillory,WR,928,BAL,13
Cortez Braham Jr.,WR,929,BAL,13
Harrison Wallace III,WR,930,ARI,14
Octavian Smith Jr.,WR,931,BAL,13
Irv Charles,WR,932,SEA,11
Phillip Dorsett II,WR,933,LV,13
Trenton Irwin,WR,934,SF,8
Ihmir Smith-Marsette,WR,935,ARI,14
